{
  "name": "onsenui",
  "homepage": "https://onsen.io",
  "authors": [
    "Kruy Vanna <kruyvanna@gmail.com>",
    "Mitsunori KUBOTA <anatoo.jp@gmail.com>"
  ],
  "description": "Web Component inspired HTML5 UI framework for building modern mobile application",
  "main": [
    "js/onsenui.js",
    "css/onsenui.css",
    "css/onsen-css-components.css"
  ],
  "keywords": [
    "onsenui",
    "angular",
    "html5",
    "cordova",
    "phonegap",
    "web",
    "component",
    "monaca"
  ],
  "dependencies": {},
  "license": "Apache License, Version 2.0",
  "version": "2.10.10",
  "_release": "2.10.10",
  "_resolution": {
    "type": "version",
    "tag": "2.10.10",
    "commit": "67b54101311fa691e41408fb9a384fa957166387"
  },
  "_source": "https://github.com/monaca/monaca-component-onsenui.git",
  "_target": "2.10.10",
  "_originalSource": "monaca-onsenui",
  "_direct": true
}